time,seconds_elapsed,dBFS
1701897375171000000,0.024,-35.4112548828125
1701897375286000000,0.139000244140625,-35.70535659790039
1701897375386000000,0.238999755859375,-37.55488204956055
1701897375486000000,0.339000244140625,-36.06566619873047
1701897375586000000,0.438999755859375,-37.86115264892578
1701897375686000000,0.539000244140625,-39.39929962158203
1701897375786000000,0.638999755859375,-38.89631271362305
1701897375885000000,0.738,-40.8921012878418
1701897376002000000,0.854999755859375,-37.234779357910156
1701897376109000000,0.962,-38.07960510253906
1701897376218000000,1.070999755859375,-37.058128356933594
1701897376335000000,1.188,-36.22180938720703
1701897376435000000,1.288,-34.45988464355469
1701897376551000000,1.404,-35.718624114990234
1701897376651000000,1.504,-37.43880844116211
1701897376751000000,1.604,-38.84410858154297
1701897376851000000,1.704,-35.7086181640625
1701897376967000000,1.82,-34.24942398071289
1701897377068000000,1.921,-18.102453231811523
1701897377167000000,2.02,-10.584732055664062
1701897377266000000,2.118999755859375,-12.89249324798584
1701897377383000000,2.236,-16.013090133666992
1701897377483000000,2.336,-19.306222915649414
1701897377583000000,2.436,-16.006567001342773
1701897377683000000,2.536,-18.184627532958984
1701897377783000000,2.636,-18.826047897338867
1701897377899000000,2.752,-20.0837345123291
1701897377999000000,2.852,-23.340232849121094
1701897378099000000,2.952,-14.6583890914917
1701897378199000000,3.052,-11.205224990844727
1701897378315000000,3.168,-10.91392993927002
1701897378415000000,3.268,-11.361355781555176
1701897378515000000,3.368,-14.607694625854492
1701897378614000000,3.467000244140625,-18.694881439208984
1701897378731000000,3.584,-17.447986602783203
1701897378831000000,3.684,-17.3057804107666
1701897378931000000,3.784,-19.152799606323242
1701897379030000000,3.883000244140625,-22.416824340820312
1701897379130000000,3.982999755859375,-23.421710968017578
1701897379247000000,4.1,-20.636844635009766
1701897379347000000,4.2,-19.732290267944336
1701897379446000000,4.299000244140625,-9.255932807922363
1701897379563000000,4.416,-12.882498741149902
1701897379663000000,4.516,-14.437036514282227
1701897379763000000,4.616,-16.55112648010254
1701897379862000000,4.715000244140625,-20.020755767822266
1701897379979000000,4.832,-20.226587295532227
1701897380079000000,4.932,-17.903064727783203
1701897380179000000,5.032,-20.547334671020508
1701897380278000000,5.131000244140625,-21.04755210876465
1701897380379000000,5.232,-23.380878448486328
1701897380478000000,5.331000244140625,-24.07748031616211
1701897380595000000,5.448,-27.71185874938965
1701897380695000000,5.548,-30.767324447631836
1701897380795000000,5.648,-32.056739807128906
1701897380894000000,5.747000244140625,-33.03547668457031
1701897380994000000,5.846999755859375,-12.051480293273926
1701897381111000000,5.964,-14.712977409362793
1701897381211000000,6.064,-11.287711143493652
1701897381311000000,6.164,-13.075343132019043
1701897381411000000,6.264,-13.938335418701172
1701897381510000000,6.363000244140625,-16.758163452148438
1701897381627000000,6.48,-14.165619850158691
1701897381727000000,6.58,-18.065998077392578
1701897381827000000,6.68,-19.621612548828125
1701897381926000000,6.779000244140625,-14.389571189880371
1701897382026000000,6.878999755859375,-14.553620338439941
1701897382143000000,6.996,-18.99993324279785
1701897382243000000,7.096,-23.23284149169922
1701897382343000000,7.196,-26.710702896118164
1701897382443000000,7.296,-29.184139251708984
1701897382542000000,7.395000244140625,-27.719112396240234
1701897382659000000,7.512,-13.956445693969727
1701897382759000000,7.612,-15.953071594238281
1701897382859000000,7.712,-10.821002960205078
1701897382959000000,7.812,-10.785165786743164
1701897383058000000,7.910999755859375,-9.504587173461914
1701897383175000000,8.028,-14.825251579284668
1701897383275000000,8.128,-19.282432556152344
1701897383375000000,8.228,-22.680233001708984
1701897383475000000,8.328,-25.564838409423828
1701897383574000000,8.427000244140626,-10.474513053894043
1701897383691000000,8.544,-6.640146732330322
1701897383791000000,8.644,-8.54274845123291
1701897383891000000,8.744,-11.438104629516602
1701897383990000000,8.843000244140624,-15.86850357055664
1701897384090000000,8.942999755859375,-12.660935401916504
1701897384207000000,9.06,-16.390005111694336
1701897384307000000,9.16,-20.58717918395996
1701897384407000000,9.26,-19.464473724365234
1701897384507000000,9.36,-16.40644073486328
1701897384606000000,9.459000244140626,-20.33867073059082
1701897384723000000,9.576,-13.295889854431152
1701897384823000000,9.676,-15.754541397094727
1701897384923000000,9.776,-12.07697582244873
1701897385023000000,9.876,-15.247798919677734
1701897385122000000,9.974999755859375,-13.724942207336426
1701897385239000000,10.092,-13.412961959838867
1701897385339000000,10.192,-15.36398696899414
1701897385439000000,10.292,-18.714168548583984
1701897385539000000,10.392,-18.98854637145996
1701897385638000000,10.491000244140626,-21.59950828552246
1701897385755000000,10.608,-15.636434555053711
1701897385855000000,10.708,-16.59897232055664
1701897385955000000,10.808,-18.38970947265625
1701897386054000000,10.907000244140624,-18.029678344726562
1701897386154000000,11.006999755859376,-18.165868759155273
1701897386271000000,11.124,-14.093526840209961
1701897386371000000,11.224,-17.921506881713867
1701897386471000000,11.324,-17.330150604248047
1701897386571000000,11.424,-12.678227424621582
1701897386687000000,11.54,-16.481155395507812
1701897386787000000,11.64,-13.6057710647583
1701897386887000000,11.74,-16.816118240356445
1701897386986000000,11.838999755859374,-20.360008239746094
1701897387086000000,11.939000244140624,-23.62034034729004
1701897387203000000,12.056,-19.472047805786133
1701897387303000000,12.156,-22.059864044189453
1701897387403000000,12.256,-18.909542083740234
1701897387503000000,12.356,-22.310791015625
1701897387603000000,12.456,-25.870450973510742
1701897387719000000,12.572,-30.363182067871094
1701897387819000000,12.672,-33.253074645996094
1701897387919000000,12.772,-34.22461700439453
1701897388019000000,12.872,-32.352474212646484
1701897388118000000,12.971000244140624,-33.55221939086914
1701897388235000000,13.088,-12.919947624206543
1701897388335000000,13.188,-10.670705795288086
1701897388435000000,13.288,-10.413061141967773
1701897388535000000,13.388,-13.021636962890625
1701897388635000000,13.488,-16.208297729492188
1701897388751000000,13.604,-15.389094352722168
1701897388851000000,13.704,-15.215753555297852
1701897388950000000,13.803000244140625,-19.605222702026367
1701897389050000000,13.902999755859375,-15.688965797424316
1701897389167000000,14.02,-20.884496688842773
1701897389267000000,14.12,-19.842815399169922
1701897389367000000,14.22,-19.19341278076172
1701897389466000000,14.318999755859375,-20.036865234375
1701897389566000000,14.419000244140625,-22.74726104736328
1701897389683000000,14.536,-13.450182914733887
1701897389783000000,14.636,-12.940104484558105
1701897389883000000,14.736,-15.368012428283691
1701897389983000000,14.836,-18.80852508544922
1701897390083000000,14.936,-18.876510620117188
1701897390199000000,15.052,-21.892133712768555
1701897390299000000,15.152,-19.24844741821289
1701897390399000000,15.252,-21.034931182861328
1701897390498000000,15.350999755859375,-19.199140548706055
1701897390598000000,15.451000244140625,-18.883808135986328
1701897390715000000,15.568,-19.436599731445312
1701897390815000000,15.668,-17.56501007080078
1701897390915000000,15.768,-18.132097244262695
1701897391014000000,15.867000244140625,-21.140697479248047
1701897391114000000,15.966999755859375,-13.50998592376709
1701897391231000000,16.084,-16.584463119506836
1701897391331000000,16.184,-20.925460815429688
1701897391431000000,16.284,-18.71102523803711
1701897391531000000,16.384,-14.266009330749512
1701897391630000000,16.483000244140626,-17.044157028198242
1701897391747000000,16.6,-20.8442325592041
1701897391847000000,16.7,-18.886201858520508
1701897391946000000,16.798999755859374,-19.381834030151367
1701897392063000000,16.916,-22.952722549438477
1701897392163000000,17.016,-19.66763687133789
1701897392263000000,17.116,-21.517087936401367
1701897392362000000,17.214999755859374,-22.18178939819336
1701897392463000000,17.316,-19.28462028503418
1701897392579000000,17.432,-22.03867530822754
1701897392679000000,17.532,-23.833711624145508
1701897392779000000,17.632,-25.876895904541016
1701897392878000000,17.731000244140624,-15.750731468200684
1701897392995000000,17.848,-18.731475830078125
1701897393095000000,17.948,-22.60315704345703
1701897393195000000,18.048,-24.40470314025879
1701897393294000000,18.147000244140624,-27.213167190551758
1701897393394000000,18.246999755859374,-30.230222702026367
1701897393511000000,18.364,-32.5682258605957
1701897393611000000,18.464,-30.95596694946289
1701897393711000000,18.564,-21.650876998901367
1701897393811000000,18.664,-15.483283042907715
1701897393910000000,18.763000244140624,-18.95709991455078
1701897394027000000,18.88,-14.165435791015625
1701897394127000000,18.98,-14.760270118713379
1701897394227000000,19.08,-18.010875701904297
1701897394326000000,19.179000244140624,-14.42939281463623
1701897394443000000,19.296,-14.346692085266113
1701897394543000000,19.396,-15.880733489990234
1701897394643000000,19.496,-18.61331558227539
1701897394743000000,19.596,-22.587018966674805
1701897394859000000,19.712,-11.751381874084473
1701897394959000000,19.812,-13.222938537597656
1701897395059000000,19.912,-15.383399963378906
1701897395159000000,20.012,-16.067960739135742
1701897395258000000,20.110999755859375,-16.93034553527832
1701897395375000000,20.228,-20.226165771484375
1701897395475000000,20.328,-18.26950454711914
1701897395575000000,20.428,-18.7003116607666
1701897395675000000,20.528,-21.69213104248047
1701897395775000000,20.628,-17.18324089050293
1701897395891000000,20.744,-14.367301940917969
1701897395991000000,20.844,-16.068593978881836
1701897396091000000,20.944,-18.645227432250977
1701897396191000000,21.044,-21.927181243896484
1701897396290000000,21.142999755859375,-13.053278923034668
1701897396407000000,21.26,-17.52268409729004
1701897396507000000,21.36,-19.743864059448242
1701897396607000000,21.46,-15.76567554473877
1701897396707000000,21.56,-18.68110466003418
1701897396823000000,21.676,-16.362268447875977
1701897396923000000,21.776,-19.34259796142578
1701897397023000000,21.876,-21.08120346069336
1701897397123000000,21.976,-22.5355167388916
1701897397239000000,22.092,-19.558639526367188
1701897397339000000,22.192,-23.21956443786621
1701897397439000000,22.292,-26.29054832458496
1701897397539000000,22.392,-17.558053970336914
1701897397638000000,22.491000244140626,-18.987213134765625
1701897397755000000,22.608,-21.005998611450195
1701897397855000000,22.708,-21.74012565612793
1701897397955000000,22.808,-23.150419235229492
1701897398055000000,22.908,-17.64258575439453
1701897398154000000,23.006999755859376,-19.206832885742188
1701897398271000000,23.124,-15.391789436340332
1701897398371000000,23.224,-18.48027229309082
1701897398471000000,23.324,-22.69761085510254
1701897398570000000,23.422999755859376,-26.62932586669922
1701897398670000000,23.523000244140626,-29.548786163330078
1701897398787000000,23.64,-31.81886100769043
1701897398887000000,23.74,-31.160118103027344
1701897399003000000,23.856,-32.94140625
1701897399103000000,23.956,-34.98747634887695
1701897399203000000,24.056,-36.357181549072266
1701897399306000000,24.158999755859377,-32.29254913330078
1701897399419000000,24.272,-7.171470642089844
1701897399519000000,24.372,-11.949010848999023
1701897399619000000,24.472,-11.660624504089355
1701897399719000000,24.572,-15.370635986328125
1701897399818000000,24.670999755859373,-18.30109405517578
1701897399919000000,24.772,-19.428667068481445
1701897400035000000,24.888,-22.54853630065918
1701897400135000000,24.988,-14.990260124206543
1701897400234000000,25.086999755859374,-11.190774917602539
1701897400334000000,25.187000244140624,-8.645867347717285
1701897400451000000,25.304,-11.96194076538086
1701897400551000000,25.404,-13.593153953552246
1701897400651000000,25.504,-16.036130905151367
1701897400750000000,25.603000244140624,-15.683930397033691
1701897400867000000,25.72,-19.056440353393555
1701897400967000000,25.82,-18.420434951782227
1701897401067000000,25.92,-20.120162963867188
1701897401167000000,26.02,-15.709108352661133
1701897401283000000,26.136,-16.334026336669922
1701897401383000000,26.236,-11.949153900146484
1701897401483000000,26.336,-16.311464309692383
1701897401583000000,26.436,-11.959532737731934
1701897401699000000,26.552,-14.859147071838379
1701897401799000000,26.652,-17.791257858276367
1701897401907000000,26.76,-19.9306583404541
1701897402016000000,26.869,-18.516578674316406
1701897402132000000,26.985,-21.96428871154785
1701897402232000000,27.085,-24.526247024536133
1701897402331000000,27.184,-18.08557891845703
1701897402448000000,27.301,-20.29117202758789
1701897402548000000,27.401,-22.11334800720215
1701897402648000000,27.501,-24.91904067993164
1701897402748000000,27.601,-18.78792953491211
1701897402864000000,27.717,-21.25467872619629
1701897402966000000,27.819000244140625,-17.275402069091797
1701897403064000000,27.917,-19.919254302978516
1701897403164000000,28.017,-12.876424789428711
1701897403264000000,28.117,-14.659382820129395
1701897403380000000,28.233,-13.425891876220703
1701897403480000000,28.333,-15.516355514526367
1701897403580000000,28.433,-15.919917106628418
1701897403679000000,28.532,-17.126672744750977
1701897403796000000,28.649,-12.234410285949707
1701897403896000000,28.749,-13.646854400634766
1701897403996000000,28.849,-14.71269416809082
1701897404096000000,28.949,-17.757442474365234
1701897404196000000,29.049,-19.455236434936523
1701897404312000000,29.165,-24.455862045288086
1701897404412000000,29.265,-27.555078506469727
1701897404512000000,29.365,-30.05690574645996
1701897404611000000,29.464,-32.39418029785156
1701897404728000000,29.581,-23.007980346679688
1701897404828000000,29.681,-17.001354217529297
1701897404928000000,29.781,-19.26209831237793
1701897405028000000,29.881,-19.608720779418945
1701897405144000000,29.997,-17.55435562133789
1701897405244000000,30.097,-18.22759246826172
1701897405344000000,30.197,-21.871652603149414
1701897405444000000,30.297,-15.744373321533203
1701897405543000000,30.396,-18.67011260986328
1701897405660000000,30.513,-18.203927993774414
1701897405760000000,30.613,-21.747955322265625
1701897405860000000,30.713,-17.80412483215332
1701897405960000000,30.813,-19.10860824584961
1701897406076000000,30.929,-21.666397094726562
1701897406176000000,31.029,-20.250741958618164
1701897406276000000,31.129,-21.121150970458984
1701897406376000000,31.229,-18.44573974609375
1701897406492000000,31.345,-22.528648376464844
1701897406592000000,31.445,-26.54372215270996
1701897406692000000,31.545,-29.518712997436523
1701897406792000000,31.645,-32.31646728515625
1701897406892000000,31.745,-33.233219146728516
1701897407008000000,31.861,-32.716548919677734
1701897407108000000,31.961,-33.29982376098633
1701897407208000000,32.061,-33.30128860473633
1701897407312000000,32.165,-35.77935028076172
1701897407424000000,32.277,-15.85438346862793
1701897407524000000,32.377,-8.410026550292969
1701897407624000000,32.477,-11.775744438171387
1701897407724000000,32.577,-13.794075965881348
1701897407840000000,32.693,-15.728006362915039
1701897407940000000,32.793,-11.488823890686035
1701897408040000000,32.893,-13.159075736999512
1701897408140000000,32.993,-14.553911209106445
1701897408240000000,33.093,-17.83255386352539
1701897408356000000,33.209,-20.827939987182617
1701897408456000000,33.309,-12.57986831665039
1701897408556000000,33.409,-15.690678596496582
1701897408656000000,33.509,-16.221099853515625
1701897408772000000,33.625,-16.846216201782227
1701897408872000000,33.725,-19.12706184387207
1701897408972000000,33.825,-21.2706241607666
1701897409072000000,33.925,-25.14876937866211
1701897409172000000,34.025,-28.164112091064453
1701897409288000000,34.141,-32.14615249633789
1701897409388000000,34.241,-34.76354217529297
1701897409488000000,34.341,-33.1323356628418
1701897409588000000,34.441,-8.408241271972656
1701897409704000000,34.557,-11.495627403259277
1701897409804000000,34.657,-13.493186950683594
1701897409904000000,34.757,-10.821778297424316
1701897410004000000,34.857,-12.516715049743652
1701897410104000000,34.957,-10.47940444946289
1701897410220000000,35.073,-12.881930351257324
1701897410320000000,35.173,-14.721471786499023
1701897410420000000,35.273,-13.916827201843262
1701897410520000000,35.373,-17.008779525756836
1701897410636000000,35.489,-18.998445510864258
1701897410736000000,35.589,-14.317853927612305
1701897410836000000,35.689,-17.247018814086914
1701897410936000000,35.789,-18.699132919311523
1701897411036000000,35.889,-17.972429275512695
1701897411152000000,36.005,-21.229787826538086
1701897411252000000,36.105,-22.908214569091797
1701897411352000000,36.205,-25.923437118530273
1701897411468000000,36.321,-27.11448097229004
1701897411568000000,36.421,-14.852195739746094
1701897411668000000,36.521,-17.397661209106445
1701897411768000000,36.621,-15.328390121459961
1701897411868000000,36.721,-18.61817169189453
1701897411984000000,36.837,-18.482120513916016
1701897412084000000,36.937,-18.76074981689453
1701897412184000000,37.037,-13.961260795593262
1701897412284000000,37.137,-13.663973808288574
1701897412400000000,37.253,-15.899545669555664
1701897412500000000,37.353,-17.620046615600586
1701897412600000000,37.453,-19.278182983398438
1701897412700000000,37.553,-23.14982795715332
1701897412800000000,37.653,-16.471086502075195
1701897412916000000,37.769,-14.498027801513672
1701897413016000000,37.869,-18.684778213500977
1701897413116000000,37.969,-12.798662185668945
1701897413216000000,38.069,-16.087888717651367
1701897413332000000,38.185,-18.912309646606445
1701897413432000000,38.285,-21.343469619750977
1701897413532000000,38.385,-22.079387664794922
1701897413632000000,38.485,-19.284637451171875
1701897413732000000,38.585,-19.12845802307129
1701897413848000000,38.701,-23.340456008911133
1701897413948000000,38.801,-17.29889488220215
1701897414048000000,38.901,-19.60859489440918
1701897414148000000,39.001,-19.2200984954834
1701897414264000000,39.117,-21.46656608581543
1701897414364000000,39.217,-23.440954208374023
1701897414464000000,39.317,-22.943920135498047
1701897414564000000,39.417,-16.92656898498535
1701897414680000000,39.533,-20.630977630615234
1701897414780000000,39.633,-22.756166458129883
1701897414880000000,39.733,-25.450223922729492
1701897414980000000,39.833,-28.69622802734375
1701897415080000000,39.933,-30.81443977355957
1701897415196000000,40.049,-33.35857391357422
1701897415296000000,40.149,-35.07876968383789
1701897415396000000,40.249,-20.26914405822754
1701897415496000000,40.349,-22.17379379272461
1701897415613000000,40.466,-24.593862533569336
1701897415712000000,40.565,-19.04725456237793
1701897415813000000,40.666,-22.40937614440918
1701897415912000000,40.765,-25.69827651977539
1701897416012000000,40.865,-16.394227981567383
1701897416128000000,40.981,-16.436159133911133
1701897416228000000,41.081,-12.42043685913086
1701897416328000000,41.181,-14.217530250549316
1701897416428000000,41.281,-18.343778610229492
1701897416544000000,41.397,-17.512813568115234
1701897416644000000,41.497,-15.777735710144043
1701897416744000000,41.597,-17.320438385009766
1701897416861000000,41.714,-19.718488693237305
1701897416960000000,41.813,-23.726974487304688
1701897417060000000,41.913,-26.655609130859375
1701897417160000000,42.013,-29.923635482788086
1701897417260000000,42.113,-18.295625686645508
1701897417376000000,42.229,-21.951271057128906
1701897417476000000,42.329,-25.219772338867188
1701897417576000000,42.429,-27.883337020874023
1701897417676000000,42.529,-30.52667236328125
1701897417793000000,42.646,-33.4501838684082
1701897417892000000,42.745,-34.83171844482422
1701897417992000000,42.845,-36.63844680786133
1701897418092000000,42.945,-13.758992195129395
1701897418209000000,43.062,-8.095738410949707
1701897418308000000,43.161,-11.077300071716309
1701897418409000000,43.262,-11.972129821777344
1701897418508000000,43.361,-12.569908142089844
1701897418624000000,43.477,-15.244038581848145
1701897418724000000,43.577,-16.91965675354004
1701897418824000000,43.677,-15.292895317077637
1701897418940000000,43.793,-13.681052207946777
1701897419040000000,43.893,-12.568965911865234
1701897419141000000,43.994,-16.236892700195312
1701897419240000000,44.093,-16.368778228759766
1701897419357000000,44.21,-16.377225875854492
1701897419464000000,44.317,-19.719966888427734
1701897419573000000,44.426,-19.392087936401367
1701897419690000000,44.54299975585938,-13.71929931640625
1701897419789000000,44.642,-13.103042602539062
1701897419889000000,44.742,-17.560922622680664
1701897420005000000,44.858,-15.246771812438965
1701897420105000000,44.958,-13.867681503295898
1701897420205000000,45.058,-18.306568145751953
1701897420305000000,45.158,-16.49738121032715
1701897420421000000,45.274,-19.37841033935547
1701897420521000000,45.374,-19.74146270751953
1701897420621000000,45.474,-16.764236450195312
1701897420721000000,45.574,-13.865507125854492
1701897420838000000,45.691000244140625,-17.09505271911621
1701897420937000000,45.79,-21.34221649169922
1701897421037000000,45.89,-15.049060821533203
1701897421154000000,46.006999755859376,-17.860031127929688
1701897421253000000,46.106,-18.68745994567871
1701897421353000000,46.206,-17.95005226135254
1701897421453000000,46.306,-20.79960060119629
1701897421570000000,46.42299975585937,-22.3172550201416
1701897421669000000,46.522,-21.40697479248047
1701897421769000000,46.622,-23.94084358215332
1701897421886000000,46.73900024414063,-27.600341796875
1701897421985000000,46.838,-30.98824119567871
1701897422085000000,46.938,-33.07448959350586
1701897422185000000,47.038,-29.778215408325195
1701897422285000000,47.138,-31.1162052154541
1701897422402000000,47.25499975585937,-32.31074905395508
1701897422501000000,47.354,-34.15389633178711
1701897422601000000,47.454,-14.896988868713379
1701897422718000000,47.57100024414063,-16.892107009887695
1701897422818000000,47.67099975585938,-11.14482307434082
1701897422917000000,47.77,-7.2246012687683105
1701897423017000000,47.87,-8.64570140838623
1701897423134000000,47.987000244140624,-12.953688621520996
1701897423233000000,48.086,-9.908493041992188
1701897423333000000,48.186,-12.816843032836914
1701897423433000000,48.286,-13.474085807800293
1701897423549000000,48.402,-13.859153747558594
1701897423650000000,48.50299975585938,-13.394898414611816
1701897423749000000,48.602,-14.516374588012695
1701897423849000000,48.702,-16.271865844726562
1701897423966000000,48.819000244140625,-14.74754810333252
1701897424066000000,48.918999755859375,-19.117801666259766
1701897424165000000,49.018,-13.881889343261719
1701897424266000000,49.11899975585938,-13.876728057861328
1701897424382000000,49.23500024414062,-18.277185440063477
1701897424482000000,49.33499975585938,-14.78495979309082
1701897424582000000,49.435000244140625,-18.33938980102539
1701897424682000000,49.534999755859374,-15.385327339172363
1701897424798000000,49.651000244140626,-19.811861038208008
1701897424898000000,49.750999755859375,-23.876611709594727
1701897424998000000,49.85100024414062,-26.41908836364746
1701897425114000000,49.966999755859376,-29.4324951171875
1701897425213000000,50.066,-31.745159149169922
1701897425313000000,50.166,-13.546250343322754
1701897425413000000,50.266,-7.614675998687744
1701897425529000000,50.382,-10.185948371887207
1701897425629000000,50.482,-12.53477668762207
1701897425729000000,50.582,-16.54859733581543
1701897425829000000,50.682,-12.5858154296875
1701897425946000000,50.79899975585938,-17.01945686340332
1701897426045000000,50.898,-19.851078033447266
1701897426145000000,50.998,-23.455713272094727
1701897426245000000,51.098,-26.81477165222168
1701897426345000000,51.198,-29.155017852783203
1701897426445000000,51.298,-15.476276397705078
1701897426561000000,51.414,-13.584609985351562
1701897426661000000,51.514,-17.07135581970215
1701897426761000000,51.614,-15.103943824768066
1701897426877000000,51.73,-17.838743209838867
1701897426977000000,51.83,-13.75675106048584
1701897427077000000,51.93,-16.484830856323242
1701897427177000000,52.03,-13.02634334564209
1701897427277000000,52.13,-15.097052574157715
1701897427393000000,52.246,-16.214488983154297
1701897427493000000,52.346,-18.94585418701172
1701897427593000000,52.446,-16.604812622070312
1701897427709000000,52.562,-15.138666152954102
1701897427809000000,52.662,-18.572330474853516
1701897427909000000,52.762,-12.83796215057373
1701897428009000000,52.862,-15.177884101867676
1701897428109000000,52.962,-10.363085746765137
1701897428225000000,53.078,-13.647843360900879
1701897428325000000,53.178,-16.583234786987305
1701897428425000000,53.278,-18.219146728515625
1701897428525000000,53.378,-21.862045288085938
1701897428641000000,53.494,-22.869552612304688
1701897428751000000,53.604,-20.541292190551758
1701897428858000000,53.710999755859376,-23.65977668762207
1701897428974000000,53.82700024414063,-14.50143051147461
1701897429074000000,53.92699975585938,-18.238859176635742
1701897429174000000,54.02700024414062,-22.90138816833496
1701897429274000000,54.12699975585937,-26.54717445373535
1701897429390000000,54.243000244140624,-29.714017868041992
1701897429490000000,54.342999755859374,-31.356008529663086
1701897429590000000,54.44300024414063,-33.086700439453125
1701897429690000000,54.54299975585938,-24.3177547454834
1701897429790000000,54.64300024414062,-9.801379203796387
1701897429907000000,54.76,-12.516345977783203
1701897430006000000,54.859000244140624,-15.616284370422363
1701897430106000000,54.958999755859374,-13.620451927185059
1701897430206000000,55.05900024414063,-16.311199188232422
1701897430322000000,55.174999755859375,-21.070276260375977
1701897430422000000,55.27500024414063,-14.80280876159668
1701897430522000000,55.37499975585938,-17.27725601196289
1701897430622000000,55.475000244140624,-17.169036865234375
1701897430722000000,55.57499975585937,-19.965789794921875
1701897430838000000,55.691000244140625,-24.01080322265625
1701897430938000000,55.790999755859374,-28.022518157958984
1701897431038000000,55.89100024414063,-30.995525360107422
1701897431138000000,55.99099975585938,-33.312870025634766
1701897431254000000,56.10700024414062,-32.51314926147461
1701897431354000000,56.20699975585938,-34.560665130615234
1701897431454000000,56.307000244140625,-35.980106353759766
1701897431554000000,56.406999755859374,-37.991180419921875
1701897431654000000,56.50700024414063,-30.878740310668945
1701897431770000000,56.622999755859375,-19.348953247070312
1701897431870000000,56.72300024414063,-12.84616756439209
1701897431970000000,56.82299975585938,-7.75554084777832
1701897432070000000,56.923000244140624,-9.471087455749512
1701897432186000000,57.03899975585937,-13.915619850158691
1701897432286000000,57.139000244140625,-15.902932167053223
1701897432386000000,57.238999755859375,-17.974853515625
1701897432486000000,57.33900024414063,-21.318832397460938
1701897432586000000,57.43899975585938,-9.753966331481934
1701897432702000000,57.55500024414062,-12.998080253601074
1701897432802000000,57.65499975585937,-16.865699768066406
1701897432902000000,57.755000244140625,-17.49700164794922
1701897433002000000,57.854999755859374,-20.997554779052734
1701897433118000000,57.971000244140626,-22.402549743652344
1701897433218000000,58.070999755859376,-25.561437606811523
1701897433318000000,58.17100024414062,-24.212541580200195
1701897433418000000,58.27099975585938,-19.181903839111328
1701897433518000000,58.371000244140625,-18.738554000854492
1701897433634000000,58.48699975585937,-19.262191772460938
1701897433734000000,58.587000244140626,-17.831584930419922
1701897433834000000,58.686999755859375,-18.65595245361328
1701897433934000000,58.78700024414063,-21.983957290649414
1701897434051000000,58.904,-21.839542388916016
1701897434150000000,59.00300024414062,-25.26696014404297
1701897434250000000,59.10299975585937,-28.630146026611328
1701897434350000000,59.203000244140625,-31.271581649780273
1701897434450000000,59.302999755859375,-33.04208755493164
1701897434566000000,59.419000244140626,-31.152935028076172
1701897434666000000,59.518999755859376,-16.67045021057129
1701897434766000000,59.61900024414062,-17.984682083129883
1701897434866000000,59.71899975585937,-21.12640380859375
1701897434982000000,59.83500024414062,-15.899261474609375
1701897435083000000,59.936,-17.654911041259766
1701897435182000000,60.035000244140626,-21.83124351501465
1701897435282000000,60.134999755859376,-16.00196647644043
1701897435398000000,60.25100024414063,-19.005714416503906
1701897435498000000,60.35099975585938,-23.48421287536621
1701897435598000000,60.45100024414062,-26.682170867919922
1701897435698000000,60.55099975585937,-29.954593658447266
1701897435798000000,60.651000244140626,-32.66870880126953
1701897435914000000,60.76699975585937,-34.71928405761719
1701897436014000000,60.86700024414063,-13.540802955627441
1701897436114000000,60.966999755859376,-15.492043495178223
1701897436214000000,61.06700024414062,-17.06305694580078
1701897436330000000,61.18299975585938,-14.716862678527832
1701897436430000000,61.283000244140624,-16.97443389892578
1701897436530000000,61.38299975585937,-20.108278274536133
1701897436630000000,61.48300024414063,-22.241207122802734
1701897436730000000,61.582999755859376,-17.209211349487305
1701897436846000000,61.69900024414063,-16.396289825439453
1701897436946000000,61.79899975585938,-17.40511703491211
1701897437046000000,61.89900024414062,-18.885873794555664
1701897437146000000,61.99899975585937,-22.08150863647461
1701897437262000000,62.115000244140624,-25.70243263244629
1701897437362000000,62.214999755859374,-14.959878921508789
1701897437462000000,62.31500024414063,-15.915833473205566
1701897437562000000,62.41499975585938,-15.508790969848633
1701897437662000000,62.51500024414062,-11.196215629577637
1701897437778000000,62.63099975585938,-14.546186447143555
1701897437878000000,62.731000244140624,-18.480405807495117
1701897437978000000,62.830999755859374,-21.967191696166992
1701897438078000000,62.93100024414063,-17.859880447387695
1701897438195000000,63.048,-16.21036148071289
1701897438294000000,63.14700024414063,-19.640111923217773
1701897438394000000,63.24699975585938,-18.1142520904541
1701897438494000000,63.347000244140624,-20.601612091064453
1701897438611000000,63.464,-24.51175308227539
1701897438710000000,63.563000244140625,-24.14530372619629
1701897438810000000,63.662999755859374,-20.722545623779297
1701897438910000000,63.76300024414063,-14.717594146728516
1701897439010000000,63.86299975585938,-17.802892684936523
1701897439127000000,63.98,-13.720884323120117
1701897439226000000,64.07899975585937,-15.788179397583008
1701897439326000000,64.17900024414062,-17.795846939086914
1701897439426000000,64.27899975585937,-18.910966873168945
1701897439543000000,64.396,-21.539945602416992
1701897439642000000,64.49499975585937,-18.331222534179688
1701897439742000000,64.59500024414062,-21.820743560791016
1701897439842000000,64.69499975585937,-19.93247413635254
1701897439942000000,64.79500024414062,-17.72541618347168
1701897440059000000,64.912,-21.145479202270508
1701897440158000000,65.01100024414062,-23.75922393798828
1701897440258000000,65.11099975585938,-26.209012985229492
1701897440358000000,65.21100024414062,-29.18080711364746
1701897440475000000,65.328,-32.46355438232422
1701897440574000000,65.42700024414063,-34.30922317504883
1701897440674000000,65.52699975585938,-32.334259033203125
1701897440774000000,65.62700024414063,-33.6324462890625
1701897440874000000,65.72699975585938,-24.847055435180664
1701897440990000000,65.84300024414063,-19.301494598388672
1701897441090000000,65.94299975585938,-8.889824867248535
1701897441190000000,66.04300024414063,-11.15320873260498
1701897441290000000,66.14299975585938,-13.792572975158691
1701897441407000000,66.26,-13.154154777526855
1701897441507000000,66.36,-16.675270080566406
1701897441606000000,66.45900024414063,-19.027374267578125
1701897441706000000,66.55899975585938,-16.79231834411621
1701897441806000000,66.65900024414063,-19.33177375793457
1701897441922000000,66.77499975585937,-19.967424392700195
1701897442022000000,66.87500024414062,-13.97745418548584
1701897442122000000,66.97499975585937,-17.30636978149414
1701897442222000000,67.07500024414063,-17.9774112701416
1701897442339000000,67.192,-17.87263298034668
1701897442438000000,67.29100024414062,-20.10323715209961
1701897442538000000,67.39099975585937,-19.909591674804688
1701897442638000000,67.49100024414062,-23.231616973876953
1701897442738000000,67.59099975585937,-20.596986770629883
1701897442854000000,67.70700024414063,-14.83823299407959
1701897442954000000,67.80699975585938,-17.587970733642578
1701897443054000000,67.90700024414062,-14.36351203918457
1701897443154000000,68.00699975585937,-17.042177200317383
1701897443254000000,68.10700024414062,-16.047452926635742
1701897443371000000,68.224,-17.79530906677246
1701897443470000000,68.32300024414063,-20.871532440185547
1701897443570000000,68.42299975585938,-20.337343215942383
1701897443670000000,68.52300024414062,-23.59115982055664
1701897443787000000,68.64,-21.978757858276367
1701897443886000000,68.73900024414063,-23.846248626708984
1701897443986000000,68.83899975585938,-24.337533950805664
1701897444086000000,68.93900024414063,-21.388490676879883
1701897444202000000,69.05499975585937,-25.454029083251953
1701897444302000000,69.15500024414062,-28.364538192749023
1701897444402000000,69.25499975585937,-31.35407829284668
1701897444519000000,69.372,-33.959014892578125
1701897444618000000,69.47099975585938,-31.61591339111328
1701897444718000000,69.57100024414062,-33.863468170166016
1701897444818000000,69.67099975585937,-24.091594696044922
1701897444918000000,69.77100024414062,-20.650978088378906
1701897445035000000,69.888,-16.058277130126953
1701897445134000000,69.98700024414063,-19.25071907043457
1701897445234000000,70.08699975585938,-11.30943489074707
1701897445334000000,70.18700024414062,-11.202184677124023
1701897445451000000,70.304,-13.540327072143555
1701897445550000000,70.40300024414063,-18.113374710083008
1701897445650000000,70.50299975585938,-17.641189575195312
1701897445750000000,70.60300024414063,-20.01308250427246
1701897445850000000,70.70299975585938,-24.26873207092285
1701897445966000000,70.81900024414062,-17.19492530822754
1701897446066000000,70.91899975585937,-19.656505584716797
1701897446166000000,71.01900024414063,-17.548160552978516
1701897446266000000,71.11899975585938,-20.450855255126953
1701897446383000000,71.236,-24.614601135253906
1701897446482000000,71.33499975585937,-20.624414443969727
1701897446582000000,71.43500024414062,-22.967464447021484
1701897446682000000,71.53499975585937,-20.685443878173828
1701897446798000000,71.65100024414062,-23.647058486938477
1701897446898000000,71.75099975585937,-27.402956008911133
1701897446998000000,71.85100024414062,-30.68781089782715
1701897447098000000,71.95099975585937,-33.57589340209961
1701897447215000000,72.068,-35.79907989501953
1701897447322000000,72.17499975585937,-35.06415939331055
1701897447431000000,72.284,-19.093435287475586
1701897447547000000,72.4,-9.98509407043457
1701897447647000000,72.5,-12.837658882141113
1701897447747000000,72.6,-17.08892822265625
1701897447864000000,72.717,-15.553716659545898
1701897447963000000,72.816,-19.543153762817383
1701897448063000000,72.916,-14.241297721862793
1701897448163000000,73.016,-12.566560745239258
1701897448263000000,73.116,-12.863025665283203
1701897448379000000,73.232,-16.165151596069336
1701897448480000000,73.333,-15.376751899719238
1701897448579000000,73.432,-18.10051155090332
1701897448679000000,73.532,-17.094924926757812
1701897448796000000,73.649,-20.401952743530273
1701897448895000000,73.748,-17.578460693359375
1701897448995000000,73.848,-19.184572219848633
1701897449095000000,73.948,-19.09065818786621
1701897449212000000,74.065,-14.859016418457031
1701897449312000000,74.165,-16.48045539855957
1701897449411000000,74.264,-19.329116821289062
1701897449511000000,74.364,-21.497671127319336
1701897449611000000,74.464,-24.42949867248535
1701897449727000000,74.58,-22.41242218017578
1701897449827000000,74.68,-19.395666122436523
1701897449927000000,74.78,-16.420751571655273
1701897450027000000,74.88,-18.489009857177734
1701897450144000000,74.997,-14.336209297180176
1701897450243000000,75.096,-17.22815704345703
1701897450343000000,75.196,-20.065120697021484
1701897450443000000,75.296,-13.321403503417969
1701897450560000000,75.413,-16.370393753051758
1701897450659000000,75.512,-19.258710861206055
1701897450759000000,75.612,-22.449081420898438
1701897450859000000,75.712,-24.112348556518555
1701897450959000000,75.812,-25.95783233642578
1701897451075000000,75.928,-19.884662628173828
1701897451175000000,76.028,-22.59042739868164
1701897451275000000,76.128,-24.422988891601562
1701897451375000000,76.228,-24.841920852661133
1701897451492000000,76.345,-21.414539337158203
1701897451592000000,76.445,-25.693634033203125
1701897451691000000,76.544,-29.755033493041992
1701897451791000000,76.644,-31.408010482788086
1701897451908000000,76.761,-32.5722541809082
1701897452007000000,76.86,-34.054752349853516
1701897452107000000,76.96,-11.444379806518555
1701897452207000000,77.06,-9.569902420043945
1701897452324000000,77.177,-13.235770225524902
1701897452424000000,77.277,-13.92866325378418
1701897452523000000,77.376,-16.446752548217773
1701897452623000000,77.476,-15.455290794372559
1701897452740000000,77.593,-19.200822830200195
1701897452840000000,77.693,-15.54068374633789
1701897452939000000,77.792,-17.11794090270996
1701897453039000000,77.892,-19.526004791259766
1701897453139000000,77.992,-21.85909652709961
1701897453256000000,78.109,-18.911422729492188
1701897453356000000,78.209,-21.66590118408203
1701897453455000000,78.308,-24.07177734375
1701897453555000000,78.408,-28.15365982055664
1701897453672000000,78.525,-31.395130157470703
1701897453772000000,78.625,-33.65400314331055
1701897453871000000,78.724,-32.589881896972656
1701897453971000000,78.824,-34.87480926513672
1701897454088000000,78.941,-19.544466018676758
1701897454187000000,79.04,-12.206830024719238
1701897454287000000,79.14,-16.023006439208984
1701897454387000000,79.24,-20.71253204345703
1701897454487000000,79.34,-7.965234279632568
1701897454604000000,79.457,-12.517572402954102
1701897454704000000,79.557,-8.561504364013672
1701897454803000000,79.656,-10.233589172363281
1701897454903000000,79.756,-13.603025436401367
1701897455003000000,79.856,-17.179546356201172
1701897455103000000,79.956,-21.242372512817383
1701897455219000000,80.072,-25.54417610168457
1701897455319000000,80.172,-11.121444702148438
1701897455419000000,80.272,-14.34175968170166
1701897455536000000,80.389,-10.972367286682129
1701897455636000000,80.489,-7.765476226806641
1701897455736000000,80.589,-10.342658042907715
1701897455835000000,80.688,-13.826899528503418
1701897455935000000,80.788,-17.1612491607666
1701897456052000000,80.905,-16.27370834350586
1701897456151000000,81.004,-17.342926025390625
1701897456251000000,81.104,-13.786568641662598
1701897456353000000,81.206,-11.761712074279785
1701897456451000000,81.304,-13.914844512939453
1701897456568000000,81.421,-13.603044509887695
1701897456668000000,81.521,-16.26363754272461
1701897456768000000,81.621,-17.69548225402832
1701897456867000000,81.72,-15.886857986450195
1701897456983000000,81.836,-17.818832397460938
1701897457083000000,81.936,-19.366479873657227
1701897457183000000,82.036,-20.29238510131836
1701897457283000000,82.136,-21.12887954711914
1701897457400000000,82.253,-23.9552001953125
1701897457499000000,82.352,-25.39076042175293
1701897457599000000,82.452,-28.53663444519043
1701897457699000000,82.552,-30.99571418762207
1701897457799000000,82.652,-29.63934326171875
1701897457916000000,82.769,-18.093372344970703
1701897458015000000,82.868,-21.28786277770996
1701897458115000000,82.968,-14.995806694030762
1701897458215000000,83.068,-16.7595272064209
1701897458332000000,83.185,-16.531536102294922
1701897458431000000,83.284,-16.332183837890625
1701897458531000000,83.384,-16.241336822509766
1701897458631000000,83.484,-19.721988677978516
1701897458731000000,83.584,-19.04024887084961
1701897458848000000,83.701,-17.64729881286621
1701897458948000000,83.801,-16.12544059753418
1701897459047000000,83.9,-19.304561614990234
1701897459147000000,84,-17.896881103515625
1701897459264000000,84.117,-19.272716522216797
1701897459364000000,84.217,-22.173646926879883
1701897459463000000,84.316,-23.313966751098633
1701897459563000000,84.416,-17.463090896606445
1701897459663000000,84.516,-20.501171112060547
1701897459780000000,84.633,-25.60118293762207
1701897459880000000,84.733,-28.616806030273438
1701897459980000000,84.833,-31.596113204956055
1701897460079000000,84.932,-34.27363586425781
1701897460179000000,85.032,-35.617950439453125
1701897460296000000,85.149,-36.567230224609375
1701897460396000000,85.249,-11.670384407043457
1701897460495000000,85.348,-11.897236824035645
1701897460595000000,85.448,-13.697811126708984
1701897460695000000,85.548,-18.450571060180664
1701897460812000000,85.665,-22.83223533630371
1701897460912000000,85.765,-26.727087020874023
1701897461011000000,85.864,-22.003158569335938
1701897461111000000,85.964,-15.237462043762207
1701897461211000000,86.064,-16.27318000793457
1701897461328000000,86.181,-10.88449764251709
1701897461427000000,86.28,-14.03922176361084
1701897461527000000,86.38,-16.799530029296875
1701897461627000000,86.48,-15.64930248260498
1701897461744000000,86.597,-20.631298065185547
1701897461844000000,86.697,-14.209096908569336
1701897461944000000,86.797,-13.98992919921875
1701897462043000000,86.896,-17.47553825378418
1701897462160000000,87.013,-20.197620391845703
1701897462260000000,87.113,-14.233490943908691
1701897462360000000,87.213,-17.77414894104004
1701897462459000000,87.312,-12.277785301208496
1701897462559000000,87.412,-9.277026176452637
1701897462676000000,87.529,-12.54842758178711
1701897462776000000,87.629,-14.559978485107422
1701897462875000000,87.728,-17.35228157043457
1701897462992000000,87.845,-20.755258560180664
1701897463092000000,87.945,-18.628753662109375
1701897463191000000,88.044,-21.56529998779297
1701897463292000000,88.145,-21.91657257080078
1701897463408000000,88.261,-21.393291473388672
1701897463508000000,88.361,-24.785449981689453
1701897463608000000,88.461,-25.875003814697266
1701897463707000000,88.56,-14.335897445678711
1701897463807000000,88.66,-17.362600326538086
1701897463907000000,88.76,-18.078676223754883
1701897464024000000,88.877,-23.25313377380371
1701897464123000000,88.976,-26.316997528076172
1701897464223000000,89.076,-29.053396224975586
1701897464340000000,89.193,-22.928983688354492
1701897464440000000,89.293,-18.407867431640625
1701897464540000000,89.393,-13.55502986907959
1701897464640000000,89.493,-13.200766563415527
1701897464740000000,89.593,-15.585090637207031
1701897464856000000,89.709,-7.241583347320557
1701897464956000000,89.809,-7.958024501800537
1701897465056000000,89.909,-10.933345794677734
1701897465156000000,90.009,-13.590481758117676
1701897465255000000,90.108,-15.671224594116211
1701897465372000000,90.225,-20.5316162109375
1701897465472000000,90.325,-24.158716201782227
1701897465571000000,90.424,-27.259342193603516
1701897465688000000,90.541,-20.475929260253906
1701897465788000000,90.641,-15.836759567260742
1701897465895000000,90.748,-10.352173805236816
1701897466004000000,90.857,-13.673027992248535
1701897466121000000,90.974,-15.284463882446289
1701897466220000000,91.073,-18.43927764892578
1701897466337000000,91.19,-13.72683334350586
1701897466437000000,91.29,-10.365567207336426
1701897466537000000,91.39,-9.035530090332031
1701897466636000000,91.489,-11.205647468566895
1701897466753000000,91.606,-16.61438751220703
1701897466853000000,91.706,-18.192323684692383
1701897466953000000,91.806,-14.770408630371094
1701897467052000000,91.905,-13.625324249267578
1701897467169000000,92.022,-15.35056209564209
1701897467269000000,92.122,-18.740800857543945
1701897467368000000,92.221,-17.387025833129883
1701897467468000000,92.321,-21.25922966003418
1701897467585000000,92.438,-15.263980865478516
1701897467684000000,92.537,-16.298490524291992
1701897467784000000,92.637,-19.976703643798828
1701897467901000000,92.754,-17.869050979614258
1701897468001000000,92.854,-19.208965301513672
1701897468101000000,92.954,-21.947425842285156
1701897468200000000,93.053,-17.41419792175293
1701897468317000000,93.17,-22.160762786865234
1701897468417000000,93.27,-23.219562530517578
1701897468516000000,93.369,-20.796682357788086
1701897468616000000,93.469,-16.55340003967285
1701897468733000000,93.586,-20.390621185302734
1701897468833000000,93.686,-22.15435791015625
1701897468932000000,93.785,-18.876689910888672
1701897469032000000,93.885,-20.008255004882812
1701897469133000000,93.986,-23.32207679748535
1701897469232000000,94.085,-23.600624084472656
1701897469349000000,94.202,-16.122238159179688
1701897469449000000,94.302,-20.30621910095215
1701897469549000000,94.402,-20.64518165588379
1701897469648000000,94.501,-22.76094627380371
1701897469748000000,94.601,-18.725448608398438
1701897469865000000,94.718,-21.884925842285156
1701897469964000000,94.817,-24.089996337890625
1701897470064000000,94.917,-27.925569534301758
1701897470164000000,95.017,-31.083892822265625
1701897470281000000,95.134,-30.334978103637695
1701897470381000000,95.234,-32.618648529052734
1701897470480000000,95.333,-30.017492294311523
1701897470580000000,95.433,-10.701675415039062
1701897470680000000,95.533,-13.21982192993164
1701897470797000000,95.65,-17.715288162231445
1701897470897000000,95.75,-13.700338363647461
1701897470996000000,95.849,-15.481834411621094
1701897471096000000,95.949,-17.017240524291992
1701897471213000000,96.066,-14.521846771240234
1701897471313000000,96.166,-17.876251220703125
1701897471413000000,96.266,-16.439674377441406
1701897471512000000,96.365,-16.860130310058594
1701897471612000000,96.465,-16.542436599731445
1701897471712000000,96.565,-19.8324031829834
1701897471828000000,96.681,-23.765138626098633
1701897471929000000,96.782,-25.685482025146484
1701897472029000000,96.882,-24.124069213867188
1701897472128000000,96.981,-25.642955780029297
1701897472229000000,97.082,-27.775697708129883
1701897472345000000,97.198,-16.462308883666992
1701897472444000000,97.297,-19.164400100708008
1701897472544000000,97.397,-22.245895385742188
1701897472644000000,97.497,-14.683320999145508
1701897472761000000,97.614,-19.177230834960938
1701897472861000000,97.714,-23.706071853637695
1701897472960000000,97.813,-27.53571319580078
1701897473060000000,97.913,-30.64950942993164
1701897473160000000,98.013,-33.49931335449219
1701897473277000000,98.13,-35.41144561767578
1701897473377000000,98.23,-36.65963363647461
1701897473477000000,98.33,-37.76517868041992
1701897473576000000,98.429,-33.893489837646484
1701897473693000000,98.546,-35.89006805419922
